{
    "Option_1_Consensus_Leaderless": {
        "max_speed": 6.581331007277825,
        "rep_radius": 10.801973095040339,
        "rep_weight": 3.4535353506636097,
        "param_a": 1.8717158674223584,
        "param_b": 3.919650407923493,
        "param_c": 0.4669887653210063,
        "final_error": 100000.0
    },
    "Option_2_Fixed_Leader": {
        "max_speed": 4.893450372466596,
        "rep_radius": 11.475726123406488,
        "rep_weight": 4.773712676642489,
        "param_a": 2.5113781575576133,
        "param_b": 2.874426718487727,
        "param_c": 4.248290929407052,
        "final_error": 100000.0
    },
    "Option_3_Dynamic_Leader": {
        "max_speed": 5.514085842083789,
        "rep_radius": 14.78992948621964,
        "rep_weight": 6.425397050812777,
        "param_a": 1.946376714592147,
        "param_b": 2.4602008878513004,
        "param_c": 1.1714826563716203,
        "final_error": 100000.0
    }
}